<?xml version="1.0" encoding="UTF-8"?>
<project-private xmlns="http://www.netbeans.org/ns/project-private/1">
    <editor-bookmarks xmlns="http://www.netbeans.org/ns/editor-bookmarks/2" lastBookmarkId="0"/>
    <open-files xmlns="http://www.netbeans.org/ns/projectui-open-files/2">
        <group>
            <file>file:/C:/Users/naga%20om%20prathipati/Downloads/NetBeansProjects....17102017-20171017T011322Z-001/NetBeansProjects....17102017/BillPayments/src/billpayments/BillPayments.java</file>
            <file>file:/C:/Users/naga%20om%20prathipati/Downloads/NetBeansProjects....17102017-20171017T011322Z-001/NetBeansProjects....17102017/BillPayments/src/billpayments/AutoBillGeneration.java</file>
        </group>
    </open-files>
</project-private>
